0,1,2
"['country', ' located_in_the_administrative_territorial_entity', ' United_States_of_America', ' country_of_citizenship', ' headquarters_location']","['diplomatic_relation', ' Spain', ' country', ' shares_border_with', ' Denmark']","['United_States_of_America', ' located_in_the_administrative_territorial_entity', ' country', ' contains_administrative_territorial_entity', ' Baltimore']"
"['country', ' located_in_the_administrative_territorial_entity', ' United_States_of_America', ' country_of_citizenship', ' headquarters_location']","['diplomatic_relation', ' Spain', ' country', ' shares_border_with', ' Denmark']","['Germany', ' Dutch', ' Province_of_New_York', ' Danube', ' New_Amsterdam']"
"['country', ' located_in_the_administrative_territorial_entity', ' United_States_of_America', ' country_of_citizenship', ' headquarters_location']","['Ankara', ' Tehran', ' record_label', ' Aristotle', ' Cyndi_Lauper']","['location', ' 4', ' elevation_above_sea_level', ' Homo_sapiens', ' Honduras']"
"['country', ' located_in_the_administrative_territorial_entity', ' United_States_of_America', ' country_of_citizenship', ' headquarters_location']","['member_of_sports_team', ' country', ' Sparta', ' Manchester_United_F.C.', ' Kenny_Chesney']","['1', ' Χ', ' Σ', ' Λ', ' İzmir']"
"['country', ' located_in_the_administrative_territorial_entity', ' United_States_of_America', ' country_of_citizenship', ' headquarters_location']","['diplomatic_relation', ' Spain', ' country', ' shares_border_with', ' Denmark']","['member_of_sports_team', ' Detroit_Pistons', ' drafted_by', ' Celta_Vigo', ' St._Louis_Blues']"
"['country', ' located_in_the_administrative_territorial_entity', ' United_States_of_America', ' country_of_citizenship', ' headquarters_location']","['continent', ' Germany', ' Nazi_Party', ' 1972_Summer_Olympics', ' member_of_political_party']","['1', ' Χ', ' Σ', ' Λ', ' İzmir']"
"['country', ' located_in_the_administrative_territorial_entity', ' United_States_of_America', ' country_of_citizenship', ' headquarters_location']","['diplomatic_relation', ' Spain', ' country', ' shares_border_with', ' Denmark']","['capital_of', ' Massachusetts', ' United_States_of_America', ' country', ' Indiana']"
"['country', ' located_in_the_administrative_territorial_entity', ' United_States_of_America', ' country_of_citizenship', ' headquarters_location']","['diplomatic_relation', ' Spain', ' country', ' shares_border_with', ' Denmark']","['has_part', ' El_Niño', ' La_Niña', ' South_America', ' North_America']"
"['country', ' located_in_the_administrative_territorial_entity', ' United_States_of_America', ' country_of_citizenship', ' headquarters_location']","['New_York_City', ' San_Jose', ' location_of_formation', ' Palo_Alto', ' Vienna']","['member_of_political_party', ' Republican_Party', ' Democratic_Party', ' Labour_Party', ' Liberal_Party']"
"['country', ' located_in_the_administrative_territorial_entity', ' United_States_of_America', ' country_of_citizenship', ' headquarters_location']","['political_ideology', ' Russia', ' country_of_citizenship', ' Treasure', ' time_period']","['Marxism', ' movement', ' contains_administrative_territorial_entity', ' Soviet_Union', ' Homicide:_Life_on_the_Street']"
"['country', ' located_in_the_administrative_territorial_entity', ' United_States_of_America', ' country_of_citizenship', ' headquarters_location']","[""People's_Republic_of_China"", ' British_Columbia', ' Stuttgart', ' named_after', ' Early_Cretaceous']","['has_part', ' Eastern_Conference', ' conflict', ' World_War_I', ' Hinduism']"
"['country', ' located_in_the_administrative_territorial_entity', ' United_States_of_America', ' country_of_citizenship', ' headquarters_location']","['New_York_City', ' San_Jose', ' location_of_formation', ' Palo_Alto', ' Vienna']","['headquarters_location', ' Chicago', ' Wilmington', ' Queensland', ' Dallas']"
"['country', ' located_in_the_administrative_territorial_entity', ' United_States_of_America', ' country_of_citizenship', ' headquarters_location']","['New_York_City', ' San_Jose', ' location_of_formation', ' Palo_Alto', ' Vienna']","['cast_member', ' Desi_Arnaz', ' director', ' Lucille_Ball', ' number_of_seasons']"
"['country', ' located_in_the_administrative_territorial_entity', ' United_States_of_America', ' country_of_citizenship', ' headquarters_location']","['social_media', ' Kings_of_Leon', ' Kentucky', ' Arkansas', ' Austria']","['subclass_of', ' Homicide:_Life_on_the_Street', ' Homo_sapiens', ' Honduras', ' Hong_Kong']"
"['country', ' located_in_the_administrative_territorial_entity', ' United_States_of_America', ' country_of_citizenship', ' headquarters_location']","['continent', ' Germany', ' Nazi_Party', ' 1972_Summer_Olympics', ' member_of_political_party']","['Poland', ' Homo_sapiens', ' Honduras', ' Hong_Kong', ' Hot_Springs']"
"['country', ' located_in_the_administrative_territorial_entity', ' United_States_of_America', ' country_of_citizenship', ' headquarters_location']","['Minnesota', ' New_Zealand', ' capital', ' Chile', ' Olivia']","['carries', ' Bundesautobahn_4', ' Homo_sapiens', ' Honduras', ' Hong_Kong']"
"['country', ' located_in_the_administrative_territorial_entity', ' United_States_of_America', ' country_of_citizenship', ' headquarters_location']","['Serbia', ' Daimler_AG', ' New_York_City', ' publication_date', ' Harvard_University']","['September_14_2010', ' Homo_sapiens', ' Honduras', ' Hong_Kong', ' Hot_Springs']"
"['country', ' located_in_the_administrative_territorial_entity', ' United_States_of_America', ' country_of_citizenship', ' headquarters_location']","['time-weighted_average_exposure_limit', ' vapor_pressure', ' minimal_lethal_dose', ' Baauer', ' short-term_exposure_limit']","['oxidation_state', ' 3', ' 1', ' 2', ' electronegativity']"
"['country', ' located_in_the_administrative_territorial_entity', ' United_States_of_America', ' country_of_citizenship', ' headquarters_location']","['continent', ' Germany', ' Nazi_Party', ' 1972_Summer_Olympics', ' member_of_political_party']","['Albania', ' Homicide:_Life_on_the_Street', ' Homo_sapiens', ' Honduras', ' Hong_Kong']"
"['country', ' located_in_the_administrative_territorial_entity', ' United_States_of_America', ' country_of_citizenship', ' headquarters_location']","['Kyoto', ' Sweden', ' Lithuania', ' followed_by', ' contains_administrative_territorial_entity']","['Turin', ' Homicide:_Life_on_the_Street', ' Homo_sapiens', ' Honduras', ' Hong_Kong']"
"['country', ' located_in_the_administrative_territorial_entity', ' United_States_of_America', ' country_of_citizenship', ' headquarters_location']","['employer', ' winner', ' Finland', ' Millwall_F.C.', ' Cambridge']","['Germany', ' NATO', ' Homo_sapiens', ' Honduras', ' Hong_Kong']"
"['country', ' located_in_the_administrative_territorial_entity', ' United_States_of_America', ' country_of_citizenship', ' headquarters_location']","['Minnesota', ' New_Zealand', ' capital', ' Chile', ' Olivia']","['influenced_by', ' Truyère', ' Edvard_Munch', ' Homo_sapiens', ' Honduras']"
"['country', ' located_in_the_administrative_territorial_entity', ' United_States_of_America', ' country_of_citizenship', ' headquarters_location']","['readable_file_format', ' part_of_the_series', ' league', ' Frederick_Law_Olmsted', ' South_African_Premier_Division']","['Pseudacris', ' New_York_City', ' Worcester_County', ' Homicide:_Life_on_the_Street', ' Homo_sapiens']"
"['country', ' located_in_the_administrative_territorial_entity', ' United_States_of_America', ' country_of_citizenship', ' headquarters_location']","['social_media', ' Kings_of_Leon', ' Kentucky', ' Arkansas', ' Austria']","['Belgium', ' owned_by', ' participant_of', ' country_of_citizenship', ' 2014_Winter_Olympics']"
"['country', ' located_in_the_administrative_territorial_entity', ' United_States_of_America', ' country_of_citizenship', ' headquarters_location']","['readable_file_format', ' part_of_the_series', ' league', ' Frederick_Law_Olmsted', ' South_African_Premier_Division']","['Vermont', ' Your_Time_Has_Come', ' Out_of_Exile', ' Portugal', ' Homo_sapiens']"
"['country', ' located_in_the_administrative_territorial_entity', ' United_States_of_America', ' country_of_citizenship', ' headquarters_location']","['Feyenoord', ' Mount_Paget', ' screenwriter', ' publisher', ' sibling']","['1', ' Χ', ' Σ', ' Λ', ' İzmir']"
"['country', ' located_in_the_administrative_territorial_entity', ' United_States_of_America', ' country_of_citizenship', ' headquarters_location']","['employer', ' winner', ' Finland', ' Millwall_F.C.', ' Cambridge']","['professional_or_sports_partner', ' Matt_Stone', ' Alexandra_Aldridge', ' country_for_sport', ' Comedy_Central']"
"['country', ' located_in_the_administrative_territorial_entity', ' United_States_of_America', ' country_of_citizenship', ' headquarters_location']","['Germany', ' Gwalior', ' Pearl_Jam', ' London_Borough_of_Waltham_Forest', ' Louisiana']","['Somerset', ' Homicide:_Life_on_the_Street', ' Homo_sapiens', ' Honduras', ' Hong_Kong']"
"['country', ' located_in_the_administrative_territorial_entity', ' United_States_of_America', ' country_of_citizenship', ' headquarters_location']","['Ankara', ' Tehran', ' record_label', ' Aristotle', ' Cyndi_Lauper']","['Amsterdam', ' November_1_1926', ' Holyhead', ' Homo_sapiens', ' Honduras']"
"['country', ' located_in_the_administrative_territorial_entity', ' United_States_of_America', ' country_of_citizenship', ' headquarters_location']","['George_Gaynes', ' United_States_of_America', ' Rome', ' spouse', ' Ionia']","['1', ' Χ', ' Σ', ' Λ', ' İzmir']"
"['country', ' located_in_the_administrative_territorial_entity', ' United_States_of_America', ' country_of_citizenship', ' headquarters_location']","['Ankara', ' Tehran', ' record_label', ' Aristotle', ' Cyndi_Lauper']","['Elon_Musk', ' founded_by', ' chief_executive_officer', ' product_or_material_produced', ' Ray_Kroc']"
"['country', ' located_in_the_administrative_territorial_entity', ' United_States_of_America', ' country_of_citizenship', ' headquarters_location']","['John_Lennon', ' Capcom', ' publication_interval', ' 1', ' Georgia']","['Dutch', ' member_of_political_party', ' date_of_birth', ' Richard_Attenborough', ' December_16_1937']"
"['country', ' located_in_the_administrative_territorial_entity', ' United_States_of_America', ' country_of_citizenship', ' headquarters_location']","['Feyenoord', ' Mount_Paget', ' screenwriter', ' publisher', ' sibling']","['Germany', ' place_of_death', ' named_after', ' London', ' Holyhead']"
"['country', ' located_in_the_administrative_territorial_entity', ' United_States_of_America', ' country_of_citizenship', ' headquarters_location']","['Minnesota', ' New_Zealand', ' capital', ' Chile', ' Olivia']","['Venezuela', ' Nelson_Rockefeller', ' Argentina', ' Homo_sapiens', ' Honduras']"
"['country', ' located_in_the_administrative_territorial_entity', ' United_States_of_America', ' country_of_citizenship', ' headquarters_location']","['readable_file_format', ' part_of_the_series', ' league', ' Frederick_Law_Olmsted', ' South_African_Premier_Division']","['Piscataway', ' subsidiary', ' technical_standard', ' Rio_de_Janeiro', ' Homo_sapiens']"
"['country', ' located_in_the_administrative_territorial_entity', ' United_States_of_America', ' country_of_citizenship', ' headquarters_location']","['Nepal', ' Turkey', ' Manhattan', ' location_of_formation', ' Homicide:_Life_on_the_Street']","['Greece', ' Homicide:_Life_on_the_Street', ' Homo_sapiens', ' Honduras', ' Hong_Kong']"
"['country', ' located_in_the_administrative_territorial_entity', ' United_States_of_America', ' country_of_citizenship', ' headquarters_location']","[""People's_Republic_of_China"", ' British_Columbia', ' Stuttgart', ' named_after', ' Early_Cretaceous']","['1', ' Χ', ' Σ', ' Λ', ' İzmir']"
"['country', ' located_in_the_administrative_territorial_entity', ' United_States_of_America', ' country_of_citizenship', ' headquarters_location']","['Frisii', ' Spain', ' named_after', ' cast_member', ' University_of_Cambridge']","['July_9_1992', ' Homo_sapiens', ' Honduras', ' Hong_Kong', ' Hot_Springs']"
"['country', ' located_in_the_administrative_territorial_entity', ' United_States_of_America', ' country_of_citizenship', ' headquarters_location']","['political_ideology', ' Russia', ' country_of_citizenship', ' Treasure', ' time_period']","['Apple', ' developer', ' designed_by', ' Washington', '_D.C.', ' Louisiana']"
"['country', ' located_in_the_administrative_territorial_entity', ' United_States_of_America', ' country_of_citizenship', ' headquarters_location']","['Germany', ' Gwalior', ' Pearl_Jam', ' London_Borough_of_Waltham_Forest', ' Louisiana']","['1', ' Χ', ' Σ', ' Λ', ' İzmir']"
"['country', ' located_in_the_administrative_territorial_entity', ' United_States_of_America', ' country_of_citizenship', ' headquarters_location']","['George_Gaynes', ' United_States_of_America', ' Rome', ' spouse', ' Ionia']","['1', ' Χ', ' Σ', ' Λ', ' İzmir']"
"['country', ' located_in_the_administrative_territorial_entity', ' United_States_of_America', ' country_of_citizenship', ' headquarters_location']","['political_ideology', ' Russia', ' country_of_citizenship', ' Treasure', ' time_period']","['Hellenistic_period', ' Homo_sapiens', ' Honduras', ' Hong_Kong', ' Hot_Springs']"
"['country', ' located_in_the_administrative_territorial_entity', ' United_States_of_America', ' country_of_citizenship', ' headquarters_location']","['New_Orleans', ' Gove_County', ' Sparta', ' Logan_County', ' New_Jersey_Devils']","['Pakistan', ' Homicide:_Life_on_the_Street', ' Homo_sapiens', ' Honduras', ' Hong_Kong']"
"['country', ' located_in_the_administrative_territorial_entity', ' United_States_of_America', ' country_of_citizenship', ' headquarters_location']","['Dutch', ' Maria_Theresa_of_Spain', ' Bible', ' France', ' field_of_work']","['distance_from_Earth', ' 8', ' Homo_sapiens', ' Honduras', ' Hong_Kong']"
"['country', ' located_in_the_administrative_territorial_entity', ' United_States_of_America', ' country_of_citizenship', ' headquarters_location']","['time-weighted_average_exposure_limit', ' vapor_pressure', ' minimal_lethal_dose', ' Baauer', ' short-term_exposure_limit']","['Lexington', ' Homicide:_Life_on_the_Street', ' Homo_sapiens', ' Honduras', ' Hong_Kong']"
"['country', ' located_in_the_administrative_territorial_entity', ' United_States_of_America', ' country_of_citizenship', ' headquarters_location']","['Frisii', ' Spain', ' named_after', ' cast_member', ' University_of_Cambridge']","['Minneapolis', ' Chester_County', ' Doha', ' Martin_Freeman', ' Homicide:_Life_on_the_Street']"
"['country', ' located_in_the_administrative_territorial_entity', ' United_States_of_America', ' country_of_citizenship', ' headquarters_location']","['inception', ' Edinburgh', ' editor', ' Tina_Brown', ' Goldfinger']","[""People's_Republic_of_China"", ' 2000', ' date_of_official_opening', ' Homicide:_Life_on_the_Street', ' Homo_sapiens']"
"['country', ' located_in_the_administrative_territorial_entity', ' United_States_of_America', ' country_of_citizenship', ' headquarters_location']","['Split_Enz', ' point_in_time', ' Grenada', ' Santiniketan', ' killed_by']","['operating_system', ' member_of_sports_team', ' Wear_OS', ' Magnolia_Hotshots', ' Homicide:_Life_on_the_Street']"
"['country', ' located_in_the_administrative_territorial_entity', ' United_States_of_America', ' country_of_citizenship', ' headquarters_location']","['readable_file_format', ' part_of_the_series', ' league', ' Frederick_Law_Olmsted', ' South_African_Premier_Division']","['1', ' Χ', ' Σ', ' Λ', ' İzmir']"
"['country', ' located_in_the_administrative_territorial_entity', ' United_States_of_America', ' country_of_citizenship', ' headquarters_location']","['George_Gaynes', ' United_States_of_America', ' Rome', ' spouse', ' Ionia']","['located_in_the_administrative_territorial_entity', ' Homicide:_Life_on_the_Street', ' Homo_sapiens', ' Honduras', ' Hong_Kong']"
"['country', ' located_in_the_administrative_territorial_entity', ' United_States_of_America', ' country_of_citizenship', ' headquarters_location']","[""People's_Republic_of_China"", ' British_Columbia', ' Stuttgart', ' named_after', ' Early_Cretaceous']","['United_States_of_America', ' Brazil', ' Homicide:_Life_on_the_Street', ' Homo_sapiens', ' Honduras']"
"['country', ' located_in_the_administrative_territorial_entity', ' United_States_of_America', ' country_of_citizenship', ' headquarters_location']","['1909', ' Lucilia', ' position_held', ' terminus', ' White_House_Communications_Director']","['parent_organization', ' IBM', ' Vigo_County', ' Vancouver', ' capital_of']"
"['country', ' located_in_the_administrative_territorial_entity', ' United_States_of_America', ' country_of_citizenship', ' headquarters_location']","['inception', ' Edinburgh', ' editor', ' Tina_Brown', ' Goldfinger']","['SunGard', ' native_language', ' Homicide:_Life_on_the_Street', ' Homo_sapiens', ' Honduras']"
"['country', ' located_in_the_administrative_territorial_entity', ' United_States_of_America', ' country_of_citizenship', ' headquarters_location']","['New_York_City', ' San_Jose', ' location_of_formation', ' Palo_Alto', ' Vienna']","['religion', ' Catholic_Church', ' Gabon', ' instance_of', ' empire']"
"['country', ' located_in_the_administrative_territorial_entity', ' United_States_of_America', ' country_of_citizenship', ' headquarters_location']","['Dutch', ' Maria_Theresa_of_Spain', ' Bible', ' France', ' field_of_work']","['languages_spoken', '_written_or_signed', ' English', ' spouse', ' Steve_Irwin', ' French']"
"['country', ' located_in_the_administrative_territorial_entity', ' United_States_of_America', ' country_of_citizenship', ' headquarters_location']","['Mozambique', ' twinned_administrative_body', ' Cyndi_Lauper', ' doctoral_advisor', ' Le_Malzieu-Ville']","['Major_League_Baseball', ' Lisbon', ' capital_of', ' Bernhard_Keppler', ' league']"
"['country', ' located_in_the_administrative_territorial_entity', ' United_States_of_America', ' country_of_citizenship', ' headquarters_location']","['Feyenoord', ' Mount_Paget', ' screenwriter', ' publisher', ' sibling']","['Azerbaijan', ' Seeland_administrative_district', ' Aeschylus', ' The_Beatles', ' Iganga_District']"
"['country', ' located_in_the_administrative_territorial_entity', ' United_States_of_America', ' country_of_citizenship', ' headquarters_location']","['Frisii', ' Spain', ' named_after', ' cast_member', ' University_of_Cambridge']","['1', ' Χ', ' Σ', ' Λ', ' İzmir']"
"['country', ' located_in_the_administrative_territorial_entity', ' United_States_of_America', ' country_of_citizenship', ' headquarters_location']","['Kyoto', ' Sweden', ' Lithuania', ' followed_by', ' contains_administrative_territorial_entity']","['Netherlands', ' continent', ' Sweden', ' Europe', ' Low_Countries']"
"['country', ' located_in_the_administrative_territorial_entity', ' United_States_of_America', ' country_of_citizenship', ' headquarters_location']","['Kyoto', ' Sweden', ' Lithuania', ' followed_by', ' contains_administrative_territorial_entity']","['July_7_1988', ' Homicide:_Life_on_the_Street', ' Homo_sapiens', ' Honduras', ' Hong_Kong']"
"['country', ' located_in_the_administrative_territorial_entity', ' United_States_of_America', ' country_of_citizenship', ' headquarters_location']","['New_Orleans', ' Gove_County', ' Sparta', ' Logan_County', ' New_Jersey_Devils']","['use', ' Holyhead', ' Homo_sapiens', ' Honduras', ' Hong_Kong']"
"['country', ' located_in_the_administrative_territorial_entity', ' United_States_of_America', ' country_of_citizenship', ' headquarters_location']","['Feyenoord', ' Mount_Paget', ' screenwriter', ' publisher', ' sibling']","['main_subject', ' school_district', ' mass', ' Houston_Independent_School_District', ' Honduras']"
"['country', ' located_in_the_administrative_territorial_entity', ' United_States_of_America', ' country_of_citizenship', ' headquarters_location']","['Serbia', ' Daimler_AG', ' New_York_City', ' publication_date', ' Harvard_University']","['1', ' Χ', ' Σ', ' Λ', ' İzmir']"
"['country', ' located_in_the_administrative_territorial_entity', ' United_States_of_America', ' country_of_citizenship', ' headquarters_location']","['Germany', ' Gwalior', ' Pearl_Jam', ' London_Borough_of_Waltham_Forest', ' Louisiana']","['member_of', ' Pearl_Jam', ' Mother_Love_Bone', ' Temple_of_the_Dog', ' Iceland']"
"['country', ' located_in_the_administrative_territorial_entity', ' United_States_of_America', ' country_of_citizenship', ' headquarters_location']","['Frisii', ' Spain', ' named_after', ' cast_member', ' University_of_Cambridge']","['followed_by', ' follows', ' iPhone_5s', ' iPhone_6s', ' Homicide:_Life_on_the_Street']"
"['country', ' located_in_the_administrative_territorial_entity', ' United_States_of_America', ' country_of_citizenship', ' headquarters_location']","['notable_work', ' Charleston', ' Moscow', ' University_of_Michigan', ' Chicago']","['Saint_Petersburg', ' located_in_the_administrative_territorial_entity', ' International_League', ' Honduras', ' Hong_Kong']"
"['country', ' located_in_the_administrative_territorial_entity', ' United_States_of_America', ' country_of_citizenship', ' headquarters_location']","['employer', ' winner', ' Finland', ' Millwall_F.C.', ' Cambridge']","['Victoria', ' New_South_Wales', ' connecting_line', ' 1990', ' Hylidae']"
"['country', ' located_in_the_administrative_territorial_entity', ' United_States_of_America', ' country_of_citizenship', ' headquarters_location']","['Kyoto', ' Sweden', ' Lithuania', ' followed_by', ' contains_administrative_territorial_entity']","['Dunkery_Beacon', ' highest_point', ' 1954', ' Homo_sapiens', ' Honduras']"
"['country', ' located_in_the_administrative_territorial_entity', ' United_States_of_America', ' country_of_citizenship', ' headquarters_location']","['Dutch', ' Maria_Theresa_of_Spain', ' Bible', ' France', ' field_of_work']","['Japan', ' Kōbe', ' Homo_sapiens', ' Honduras', ' Hong_Kong']"
"['country', ' located_in_the_administrative_territorial_entity', ' United_States_of_America', ' country_of_citizenship', ' headquarters_location']","['Kyoto', ' Sweden', ' Lithuania', ' followed_by', ' contains_administrative_territorial_entity']","['Brazil', ' Homicide:_Life_on_the_Street', ' Homo_sapiens', ' Honduras', ' Hong_Kong']"
"['country', ' located_in_the_administrative_territorial_entity', ' United_States_of_America', ' country_of_citizenship', ' headquarters_location']","['member_of_sports_team', ' country', ' Sparta', ' Manchester_United_F.C.', ' Kenny_Chesney']","['Philadelphia_Eagles', ' Homo_sapiens', ' Honduras', ' Hong_Kong', ' Hot_Springs']"
"['country', ' located_in_the_administrative_territorial_entity', ' United_States_of_America', ' country_of_citizenship', ' headquarters_location']","['readable_file_format', ' part_of_the_series', ' league', ' Frederick_Law_Olmsted', ' South_African_Premier_Division']","['Ukraine', ' Philadelphia', ' Murray_Rothbard', ' Homicide:_Life_on_the_Street', ' Honduras']"
"['country', ' located_in_the_administrative_territorial_entity', ' United_States_of_America', ' country_of_citizenship', ' headquarters_location']","['inception', ' Edinburgh', ' editor', ' Tina_Brown', ' Goldfinger']","['founded_by', ' Henry_VI_of_England', ' Brigitte_Bardot', ' 5', ' Homicide:_Life_on_the_Street']"
"['country', ' located_in_the_administrative_territorial_entity', ' United_States_of_America', ' country_of_citizenship', ' headquarters_location']","['member_of_sports_team', ' country', ' Sparta', ' Manchester_United_F.C.', ' Kenny_Chesney']","['Jordan', ' basin_country', ' Israel', ' Hinduism', ' Homicide:_Life_on_the_Street']"
"['country', ' located_in_the_administrative_territorial_entity', ' United_States_of_America', ' country_of_citizenship', ' headquarters_location']","['New_Orleans', ' Gove_County', ' Sparta', ' Logan_County', ' New_Jersey_Devils']","['Feyenoord', ' AZ_Alkmaar', ' Homo_sapiens', ' Honduras', ' Hong_Kong']"
"['country', ' located_in_the_administrative_territorial_entity', ' United_States_of_America', ' country_of_citizenship', ' headquarters_location']","['country_of_origin', ' India', ' doctoral_advisor', ' spouse', ' Edmund_Beecher_Wilson']","['Queensland', ' Homo_sapiens', ' Honduras', ' Hong_Kong', ' Hot_Springs']"
"['country', ' located_in_the_administrative_territorial_entity', ' United_States_of_America', ' country_of_citizenship', ' headquarters_location']","['employer', ' winner', ' Finland', ' Millwall_F.C.', ' Cambridge']","['Los_Angeles', ' performer', ' Hinduism', ' Homicide:_Life_on_the_Street', ' Homo_sapiens']"
"['country', ' located_in_the_administrative_territorial_entity', ' United_States_of_America', ' country_of_citizenship', ' headquarters_location']","['Dutch', ' Maria_Theresa_of_Spain', ' Bible', ' France', ' field_of_work']","['shares_border_with', ' Verona', ' Essex_County', ' Homo_sapiens', ' Honduras']"
"['country', ' located_in_the_administrative_territorial_entity', ' United_States_of_America', ' country_of_citizenship', ' headquarters_location']","['1909', ' Lucilia', ' position_held', ' terminus', ' White_House_Communications_Director']","['1', ' Χ', ' Σ', ' Λ', ' İzmir']"
"['country', ' located_in_the_administrative_territorial_entity', ' United_States_of_America', ' country_of_citizenship', ' headquarters_location']","['Feyenoord', ' Mount_Paget', ' screenwriter', ' publisher', ' sibling']","['Chris_Pine', ' Homicide:_Life_on_the_Street', ' Homo_sapiens', ' Honduras', ' Hong_Kong']"
"['country', ' located_in_the_administrative_territorial_entity', ' United_States_of_America', ' country_of_citizenship', ' headquarters_location']","['John_Lennon', ' Capcom', ' publication_interval', ' 1', ' Georgia']","['Mexico', ' lyrics_by', ' Mexico_City', ' Holyhead', ' Homo_sapiens']"
"['country', ' located_in_the_administrative_territorial_entity', ' United_States_of_America', ' country_of_citizenship', ' headquarters_location']","['country_of_origin', ' India', ' doctoral_advisor', ' spouse', ' Edmund_Beecher_Wilson']","['Martin_Charnin', ' lyrics_by', ' Prince_Michael_of_Kent', ' composer', ' Honduras']"
"['country', ' located_in_the_administrative_territorial_entity', ' United_States_of_America', ' country_of_citizenship', ' headquarters_location']","['Kyoto', ' Sweden', ' Lithuania', ' followed_by', ' contains_administrative_territorial_entity']","['Italy', ' Ferruccio_Lamborghini', "" Sant'Agata_Bolognese"", ' founded_by', ' country']"
"['country', ' located_in_the_administrative_territorial_entity', ' United_States_of_America', ' country_of_citizenship', ' headquarters_location']","['Frisii', ' Spain', ' named_after', ' cast_member', ' University_of_Cambridge']","['point_in_time', ' admiral', ' military_rank', ' 34', ' October_29_1795']"
"['country', ' located_in_the_administrative_territorial_entity', ' United_States_of_America', ' country_of_citizenship', ' headquarters_location']","['notable_work', ' Charleston', ' Moscow', ' University_of_Michigan', ' Chicago']","['influenced_by', ' NBA_Most_Valuable_Player_Award', ' award_received', ' Iberian_Peninsula', ' Homicide:_Life_on_the_Street']"
"['country', ' located_in_the_administrative_territorial_entity', ' United_States_of_America', ' country_of_citizenship', ' headquarters_location']","['social_media', ' Kings_of_Leon', ' Kentucky', ' Arkansas', ' Austria']","['1', ' Χ', ' Σ', ' Λ', ' İzmir']"
"['country', ' located_in_the_administrative_territorial_entity', ' United_States_of_America', ' country_of_citizenship', ' headquarters_location']","['New_York_City', ' San_Jose', ' location_of_formation', ' Palo_Alto', ' Vienna']","['Michael_Jackson', ' tracklist', ' author', ' Long_Beach', ' Holyhead']"
"['country', ' located_in_the_administrative_territorial_entity', ' United_States_of_America', ' country_of_citizenship', ' headquarters_location']","['Kyoto', ' Sweden', ' Lithuania', ' followed_by', ' contains_administrative_territorial_entity']","['Oxford', ' mass', ' 68', ' Homo_sapiens', ' Honduras']"
"['country', ' located_in_the_administrative_territorial_entity', ' United_States_of_America', ' country_of_citizenship', ' headquarters_location']","['member_of_sports_team', ' country', ' Sparta', ' Manchester_United_F.C.', ' Kenny_Chesney']","['Free_Software_Foundation', ' approved_by', ' Hong_Kong', ' 2008_Summer_Olympics', ' Homicide:_Life_on_the_Street']"
"['country', ' located_in_the_administrative_territorial_entity', ' United_States_of_America', ' country_of_citizenship', ' headquarters_location']","['political_ideology', ' Russia', ' country_of_citizenship', ' Treasure', ' time_period']","['1', ' Χ', ' Σ', ' Λ', ' İzmir']"
"['country', ' located_in_the_administrative_territorial_entity', ' United_States_of_America', ' country_of_citizenship', ' headquarters_location']","['notable_work', ' Charleston', ' Moscow', ' University_of_Michigan', ' Chicago']","['Chicago_Cubs', ' country', ' Olympia', ' Ballerup', ' Turks_and_Caicos_Islands']"
"['country', ' located_in_the_administrative_territorial_entity', ' United_States_of_America', ' country_of_citizenship', ' headquarters_location']","['inception', ' Edinburgh', ' editor', ' Tina_Brown', ' Goldfinger']","['location', ' Homicide:_Life_on_the_Street', ' Homo_sapiens', ' Honduras', ' Hong_Kong']"
"['country', ' located_in_the_administrative_territorial_entity', ' United_States_of_America', ' country_of_citizenship', ' headquarters_location']","['Australia', ' capital', ' Brisbane', ' shares_border_with', ' Illinois']","['1', ' Χ', ' Σ', ' Λ', ' İzmir']"
"['country', ' located_in_the_administrative_territorial_entity', ' United_States_of_America', ' country_of_citizenship', ' headquarters_location']","['Kyoto', ' Sweden', ' Lithuania', ' followed_by', ' contains_administrative_territorial_entity']","['Connecticut', ' Homicide:_Life_on_the_Street', ' Homo_sapiens', ' Honduras', ' Hong_Kong']"
"['country', ' located_in_the_administrative_territorial_entity', ' United_States_of_America', ' country_of_citizenship', ' headquarters_location']","['George_Gaynes', ' United_States_of_America', ' Rome', ' spouse', ' Ionia']","['sibling', ' Black_Tortoise', ' Four_Symbols', ' Mie_Prefecture', ' followed_by']"
"['country', ' located_in_the_administrative_territorial_entity', ' United_States_of_America', ' country_of_citizenship', ' headquarters_location']","['Germany', ' Gwalior', ' Pearl_Jam', ' London_Borough_of_Waltham_Forest', ' Louisiana']","['road', ' Homo_sapiens', ' Honduras', ' Hong_Kong', ' Hot_Springs']"
"['country', ' located_in_the_administrative_territorial_entity', ' United_States_of_America', ' country_of_citizenship', ' headquarters_location']","['Dutch', ' Maria_Theresa_of_Spain', ' Bible', ' France', ' field_of_work']","['Washington_County', ' Ira_Glass', ' Homicide:_Life_on_the_Street', ' Homo_sapiens', ' Honduras']"
"['country', ' located_in_the_administrative_territorial_entity', ' United_States_of_America', ' country_of_citizenship', ' headquarters_location']","['New_Zealand', ' Kevin_Williamson', ' cast_member', "" Conan_O'Brien"", ' country_of_origin']","['Royal_Air_Force', ' Homo_sapiens', ' Honduras', ' Hong_Kong', ' Hot_Springs']"
"['country', ' located_in_the_administrative_territorial_entity', ' United_States_of_America', ' country_of_citizenship', ' headquarters_location']","['South_Africa', ' Đồng_Nai', ' weather', ' award_received', ' Belgium']","['Black_Sea', ' Homo_sapiens', ' Honduras', ' Hong_Kong', ' Hot_Springs']"
"['country', ' located_in_the_administrative_territorial_entity', ' United_States_of_America', ' country_of_citizenship', ' headquarters_location']","['partner', ' Los_Angeles', ' country', ' award_received', ' sports_season_of_league_or_competition']","['Armenia', ' 1767', ' Iganga_District', ' Honduras', ' Hong_Kong']"
"['country', ' located_in_the_administrative_territorial_entity', ' United_States_of_America', ' country_of_citizenship', ' headquarters_location']","['time-weighted_average_exposure_limit', ' vapor_pressure', ' minimal_lethal_dose', ' Baauer', ' short-term_exposure_limit']","['Paraguay', ' composer', ' Homo_sapiens', ' Honduras', ' Hong_Kong']"
"['country', ' located_in_the_administrative_territorial_entity', ' United_States_of_America', ' country_of_citizenship', ' headquarters_location']","['partner', ' Los_Angeles', ' country', ' award_received', ' sports_season_of_league_or_competition']","['Serbia', ' Turkey', ' Bulgaria', ' Romania', ' Greece']"
"['country', ' located_in_the_administrative_territorial_entity', ' United_States_of_America', ' country_of_citizenship', ' headquarters_location']","['Nepal', ' Turkey', ' Manhattan', ' location_of_formation', ' Homicide:_Life_on_the_Street']","['Henry_James', ' Homo_sapiens', ' Honduras', ' Hong_Kong', ' Hot_Springs']"
"['country', ' located_in_the_administrative_territorial_entity', ' United_States_of_America', ' country_of_citizenship', ' headquarters_location']","['Feyenoord', ' Mount_Paget', ' screenwriter', ' publisher', ' sibling']","['Fayette_County', ' 1524', ' Homicide:_Life_on_the_Street', ' Homo_sapiens', ' Honduras']"
"['country', ' located_in_the_administrative_territorial_entity', ' United_States_of_America', ' country_of_citizenship', ' headquarters_location']","['New_Zealand', ' Kevin_Williamson', ' cast_member', "" Conan_O'Brien"", ' country_of_origin']","['Minnesota', ' Billboard', ' Farap_District', ' Queens', ' publisher']"
"['country', ' located_in_the_administrative_territorial_entity', ' United_States_of_America', ' country_of_citizenship', ' headquarters_location']","[""People's_Republic_of_China"", ' British_Columbia', ' Stuttgart', ' named_after', ' Early_Cretaceous']","['Ferdinand_Georg_Frobenius', ' Homo_sapiens', ' Honduras', ' Hong_Kong', ' Hot_Springs']"
"['country', ' located_in_the_administrative_territorial_entity', ' United_States_of_America', ' country_of_citizenship', ' headquarters_location']","['diplomatic_relation', ' Spain', ' country', ' shares_border_with', ' Denmark']","['drafted_by', ' Johann_Wolfgang_von_Goethe', ' Holyhead', ' Homicide:_Life_on_the_Street', ' Homo_sapiens']"
"['country', ' located_in_the_administrative_territorial_entity', ' United_States_of_America', ' country_of_citizenship', ' headquarters_location']","['readable_file_format', ' part_of_the_series', ' league', ' Frederick_Law_Olmsted', ' South_African_Premier_Division']","['BCL2_apoptosis_regulator', ' Havoc', ' encodes', ' Iceland', ' Homo_sapiens']"
"['country', ' located_in_the_administrative_territorial_entity', ' United_States_of_America', ' country_of_citizenship', ' headquarters_location']","['readable_file_format', ' part_of_the_series', ' league', ' Frederick_Law_Olmsted', ' South_African_Premier_Division']","['Barry_Levinson', ' Homo_sapiens', ' Honduras', ' Hong_Kong', ' Hot_Springs']"
"['country', ' located_in_the_administrative_territorial_entity', ' United_States_of_America', ' country_of_citizenship', ' headquarters_location']","['Frisii', ' Spain', ' named_after', ' cast_member', ' University_of_Cambridge']","['1', ' Χ', ' Σ', ' Λ', ' İzmir']"
"['country', ' located_in_the_administrative_territorial_entity', ' United_States_of_America', ' country_of_citizenship', ' headquarters_location']","['diplomatic_relation', ' Spain', ' country', ' shares_border_with', ' Denmark']","['İzmir', ' Unitarian_Universalism', ' Turkey', ' Holyhead', ' Homicide:_Life_on_the_Street']"
"['country', ' located_in_the_administrative_territorial_entity', ' United_States_of_America', ' country_of_citizenship', ' headquarters_location']","['date_of_death', ' followed_by', ' Anne_Brooksbank', ' St._Louis_Cardinals', ' Wenlock']","['part_of', ' Silurian', ' September_24_1846', ' Greece', ' Ludlow']"
"['country', ' located_in_the_administrative_territorial_entity', ' United_States_of_America', ' country_of_citizenship', ' headquarters_location']","['New_York_City', ' San_Jose', ' location_of_formation', ' Palo_Alto', ' Vienna']","['subclass_of', ' physics', ' Christianity', ' parent_organization', ' field_of_work']"
"['country', ' located_in_the_administrative_territorial_entity', ' United_States_of_America', ' country_of_citizenship', ' headquarters_location']","['1909', ' Lucilia', ' position_held', ' terminus', ' White_House_Communications_Director']","['Carbonia', ' Paris', ' shares_border_with', ' Honduras', ' Hong_Kong']"
"['country', ' located_in_the_administrative_territorial_entity', ' United_States_of_America', ' country_of_citizenship', ' headquarters_location']","['member_of_sports_team', ' country', ' Sparta', ' Manchester_United_F.C.', ' Kenny_Chesney']","['United_Kingdom', ' operating_area', ' astronaut_mission', ' pKa', ' Gemini_3']"
"['country', ' located_in_the_administrative_territorial_entity', ' United_States_of_America', ' country_of_citizenship', ' headquarters_location']","['Connecticut', ' United_States_Navy', ' United_States_of_America', ' country_for_sport', ' conflict']","['military_branch', ' February_7_1831', ' Virginia', ' Slovenia', ' conflict']"
"['country', ' located_in_the_administrative_territorial_entity', ' United_States_of_America', ' country_of_citizenship', ' headquarters_location']","['Germany', ' Gwalior', ' Pearl_Jam', ' London_Borough_of_Waltham_Forest', ' Louisiana']","['Royal_Society', ' Homo_sapiens', ' Honduras', ' Hong_Kong', ' Hot_Springs']"
"['country', ' located_in_the_administrative_territorial_entity', ' United_States_of_America', ' country_of_citizenship', ' headquarters_location']","['time-weighted_average_exposure_limit', ' vapor_pressure', ' minimal_lethal_dose', ' Baauer', ' short-term_exposure_limit']","['Florida', ' Homo_sapiens', ' Honduras', ' Hong_Kong', ' Hot_Springs']"
"['country', ' located_in_the_administrative_territorial_entity', ' United_States_of_America', ' country_of_citizenship', ' headquarters_location']","['social_media', ' Kings_of_Leon', ' Kentucky', ' Arkansas', ' Austria']","['Gil_Scott-Heron', ' producer', ' 1976', ' Homicide:_Life_on_the_Street', ' Homo_sapiens']"
"['country', ' located_in_the_administrative_territorial_entity', ' United_States_of_America', ' country_of_citizenship', ' headquarters_location']","['diplomatic_relation', ' Spain', ' country', ' shares_border_with', ' Denmark']","['October_28_1788', ' Brescia', ' Homicide:_Life_on_the_Street', ' Homo_sapiens', ' Honduras']"
"['country', ' located_in_the_administrative_territorial_entity', ' United_States_of_America', ' country_of_citizenship', ' headquarters_location']","['Dutch', ' Maria_Theresa_of_Spain', ' Bible', ' France', ' field_of_work']","['present_in_work', ' Ophelia', ' Hamlet', ' sibling', ' Homo_sapiens']"
"['country', ' located_in_the_administrative_territorial_entity', ' United_States_of_America', ' country_of_citizenship', ' headquarters_location']","['Dutch', ' Maria_Theresa_of_Spain', ' Bible', ' France', ' field_of_work']","['1', ' Χ', ' Σ', ' Λ', ' İzmir']"
"['country', ' located_in_the_administrative_territorial_entity', ' United_States_of_America', ' country_of_citizenship', ' headquarters_location']","['readable_file_format', ' part_of_the_series', ' league', ' Frederick_Law_Olmsted', ' South_African_Premier_Division']","['1', ' Χ', ' Σ', ' Λ', ' İzmir']"
"['country', ' located_in_the_administrative_territorial_entity', ' United_States_of_America', ' country_of_citizenship', ' headquarters_location']","['member_of_sports_team', ' country', ' Sparta', ' Manchester_United_F.C.', ' Kenny_Chesney']","['DuPont', ' head_coach_of_sports_team', ' author', ' Manchester_United_F.C.', ' Homo_sapiens']"
"['country', ' located_in_the_administrative_territorial_entity', ' United_States_of_America', ' country_of_citizenship', ' headquarters_location']","['inception', ' Edinburgh', ' editor', ' Tina_Brown', ' Goldfinger']","['Argentina', ' Argentina_national_football_team', ' country_for_sport', ' Honduras', ' Hong_Kong']"
"['country', ' located_in_the_administrative_territorial_entity', ' United_States_of_America', ' country_of_citizenship', ' headquarters_location']","['New_Orleans', ' Gove_County', ' Sparta', ' Logan_County', ' New_Jersey_Devils']","['Prince_Philip', '_Duke_of_Edinburgh', ' family', ' House_of_Windsor', ' Church_of_England', ' Anne', '_Princess_Royal']"
"['country', ' located_in_the_administrative_territorial_entity', ' United_States_of_America', ' country_of_citizenship', ' headquarters_location']","['notable_work', ' Charleston', ' Moscow', ' University_of_Michigan', ' Chicago']","['Grand_dictionnaire_universel_du_XIXe_siècle', ' Spain', ' Homicide:_Life_on_the_Street', ' Homo_sapiens', ' Honduras']"
"['country', ' located_in_the_administrative_territorial_entity', ' United_States_of_America', ' country_of_citizenship', ' headquarters_location']","['Kyoto', ' Sweden', ' Lithuania', ' followed_by', ' contains_administrative_territorial_entity']","['1', ' Χ', ' Σ', ' Λ', ' İzmir']"
"['country', ' located_in_the_administrative_territorial_entity', ' United_States_of_America', ' country_of_citizenship', ' headquarters_location']","['Serbia', ' Daimler_AG', ' New_York_City', ' publication_date', ' Harvard_University']","['Software_Freedom_Conservancy', ' Homicide:_Life_on_the_Street', ' Homo_sapiens', ' Honduras', ' Hong_Kong']"
"['country', ' located_in_the_administrative_territorial_entity', ' United_States_of_America', ' country_of_citizenship', ' headquarters_location']","['date_of_death', ' followed_by', ' Anne_Brooksbank', ' St._Louis_Cardinals', ' Wenlock']","['March_23_2017', ' We_Got_the_Power', ' Gorillaz', ' Holyhead', ' Homo_sapiens']"
"['country', ' located_in_the_administrative_territorial_entity', ' United_States_of_America', ' country_of_citizenship', ' headquarters_location']","['Connecticut', ' United_States_Navy', ' United_States_of_America', ' country_for_sport', ' conflict']","['Norwegian_Institute_of_Technology', ' educated_at', ' Massachusetts', ' scientific_journal', ' date_of_death']"
"['country', ' located_in_the_administrative_territorial_entity', ' United_States_of_America', ' country_of_citizenship', ' headquarters_location']","['Split_Enz', ' point_in_time', ' Grenada', ' Santiniketan', ' killed_by']","[""Tagg's_Island"", ' located_on_terrain_feature', ' Homo_sapiens', ' Honduras', ' Hong_Kong']"
"['country', ' located_in_the_administrative_territorial_entity', ' United_States_of_America', ' country_of_citizenship', ' headquarters_location']","['Frisii', ' Spain', ' named_after', ' cast_member', ' University_of_Cambridge']","['Rome', ' Cambridge', ' work_location', ' residence', ' place_of_publication']"
"['country', ' located_in_the_administrative_territorial_entity', ' United_States_of_America', ' country_of_citizenship', ' headquarters_location']","['1909', ' Lucilia', ' position_held', ' terminus', ' White_House_Communications_Director']","['inception', ' Ocean_County', ' Homo_sapiens', ' Honduras', ' Hong_Kong']"
"['country', ' located_in_the_administrative_territorial_entity', ' United_States_of_America', ' country_of_citizenship', ' headquarters_location']","['Split_Enz', ' point_in_time', ' Grenada', ' Santiniketan', ' killed_by']","['adjacent_station', ' Smolenskaya', ' Greece', ' significant_event', ' culture']"
"['country', ' located_in_the_administrative_territorial_entity', ' United_States_of_America', ' country_of_citizenship', ' headquarters_location']","[""People's_Republic_of_China"", ' British_Columbia', ' Stuttgart', ' named_after', ' Early_Cretaceous']","['London', ' Homicide:_Life_on_the_Street', ' Homo_sapiens', ' Honduras', ' Hong_Kong']"
"['country', ' located_in_the_administrative_territorial_entity', ' United_States_of_America', ' country_of_citizenship', ' headquarters_location']","['employer', ' winner', ' Finland', ' Millwall_F.C.', ' Cambridge']","['United_Kingdom', ' India', ' Louisiana', ' Hinduism', ' Homicide:_Life_on_the_Street']"
"['country', ' located_in_the_administrative_territorial_entity', ' United_States_of_America', ' country_of_citizenship', ' headquarters_location']","['New_York_City', ' San_Jose', ' location_of_formation', ' Palo_Alto', ' Vienna']","['Iraq', ' location', ' country_for_sport', ' religion', ' Hinduism']"
"['country', ' located_in_the_administrative_territorial_entity', ' United_States_of_America', ' country_of_citizenship', ' headquarters_location']","['notable_work', ' Charleston', ' Moscow', ' University_of_Michigan', ' Chicago']","['Erdős_number', ' 4', ' Dirac_equation', ' shares_border_with', ' Landover']"
"['country', ' located_in_the_administrative_territorial_entity', ' United_States_of_America', ' country_of_citizenship', ' headquarters_location']","['Split_Enz', ' point_in_time', ' Grenada', ' Santiniketan', ' killed_by']","['1', ' Χ', ' Σ', ' Λ', ' İzmir']"
"['country', ' located_in_the_administrative_territorial_entity', ' United_States_of_America', ' country_of_citizenship', ' headquarters_location']","['Nepal', ' Turkey', ' Manhattan', ' location_of_formation', ' Homicide:_Life_on_the_Street']","['basin_country', ' Middletown', ' Homicide:_Life_on_the_Street', ' Homo_sapiens', ' Honduras']"
"['country', ' located_in_the_administrative_territorial_entity', ' United_States_of_America', ' country_of_citizenship', ' headquarters_location']","['Minnesota', ' New_Zealand', ' capital', ' Chile', ' Olivia']","['Paramount_Pictures', ' Albuquerque', ' Massachusetts', ' distributor', ' Adán_Jodorowsky']"
"['country', ' located_in_the_administrative_territorial_entity', ' United_States_of_America', ' country_of_citizenship', ' headquarters_location']","['Germany', ' Gwalior', ' Pearl_Jam', ' London_Borough_of_Waltham_Forest', ' Louisiana']","['Indonesia', ' Hylidae', ' Homo_sapiens', ' Honduras', ' Hong_Kong']"
"['country', ' located_in_the_administrative_territorial_entity', ' United_States_of_America', ' country_of_citizenship', ' headquarters_location']","['1909', ' Lucilia', ' position_held', ' terminus', ' White_House_Communications_Director']","['parent_taxon', ' Austria', ' Iran', ' Homo_sapiens', ' Honduras']"
"['country', ' located_in_the_administrative_territorial_entity', ' United_States_of_America', ' country_of_citizenship', ' headquarters_location']","['country_of_origin', ' India', ' doctoral_advisor', ' spouse', ' Edmund_Beecher_Wilson']","['Academy_Awards', ' instance_of', ' A.F.C._Ajax', ' Leyte', ' New_York']"
"['country', ' located_in_the_administrative_territorial_entity', ' United_States_of_America', ' country_of_citizenship', ' headquarters_location']","['inception', ' Edinburgh', ' editor', ' Tina_Brown', ' Goldfinger']","['lymphoma', ' Tennessee', ' Princeton_University', ' subclass_of', ' Honduras']"
"['country', ' located_in_the_administrative_territorial_entity', ' United_States_of_America', ' country_of_citizenship', ' headquarters_location']","['continent', ' Germany', ' Nazi_Party', ' 1972_Summer_Olympics', ' member_of_political_party']","['notable_work', ' Legendre_polynomials', ' 20th_Century_Fox', ' Atlanta', ' London']"
"['country', ' located_in_the_administrative_territorial_entity', ' United_States_of_America', ' country_of_citizenship', ' headquarters_location']","['Ankara', ' Tehran', ' record_label', ' Aristotle', ' Cyndi_Lauper']","['English_Civil_War', ' religion', ' puritanism', ' Homo_sapiens', ' Hong_Kong']"
"['country', ' located_in_the_administrative_territorial_entity', ' United_States_of_America', ' country_of_citizenship', ' headquarters_location']","['employer', ' winner', ' Finland', ' Millwall_F.C.', ' Cambridge']","['Microsoft', ' Dubbo', ' shares_border_with', ' religious_order', ' Andrew_Wiles']"
"['country', ' located_in_the_administrative_territorial_entity', ' United_States_of_America', ' country_of_citizenship', ' headquarters_location']","['South_Africa', ' Đồng_Nai', ' weather', ' award_received', ' Belgium']","['instance_of', ' Holyhead', ' Homicide:_Life_on_the_Street', ' Homo_sapiens', ' Honduras']"
"['country', ' located_in_the_administrative_territorial_entity', ' United_States_of_America', ' country_of_citizenship', ' headquarters_location']","['New_York_City', ' San_Jose', ' location_of_formation', ' Palo_Alto', ' Vienna']","['1', ' Χ', ' Σ', ' Λ', ' İzmir']"
"['country', ' located_in_the_administrative_territorial_entity', ' United_States_of_America', ' country_of_citizenship', ' headquarters_location']","['Australia', ' capital', ' Brisbane', ' shares_border_with', ' Illinois']","['bottlenose_dolphin', ' 1', ' Roxanne_Pallett', ' 5', ' Holyhead']"
"['country', ' located_in_the_administrative_territorial_entity', ' United_States_of_America', ' country_of_citizenship', ' headquarters_location']","['Ankara', ' Tehran', ' record_label', ' Aristotle', ' Cyndi_Lauper']","['Thailand', ' Washington', '_D.C.', ' Ireland', ' Royal_Institute_of_Technology', ' place_of_birth']"
"['country', ' located_in_the_administrative_territorial_entity', ' United_States_of_America', ' country_of_citizenship', ' headquarters_location']","['Australia', ' capital', ' Brisbane', ' shares_border_with', ' Illinois']","['1', ' Χ', ' Σ', ' Λ', ' İzmir']"
"['country', ' located_in_the_administrative_territorial_entity', ' United_States_of_America', ' country_of_citizenship', ' headquarters_location']","['country_of_origin', ' India', ' doctoral_advisor', ' spouse', ' Edmund_Beecher_Wilson']","['New_Jersey', ' Homo_sapiens', ' Honduras', ' Hong_Kong', ' Hot_Springs']"
"['country', ' located_in_the_administrative_territorial_entity', ' United_States_of_America', ' country_of_citizenship', ' headquarters_location']","['John_Lennon', ' Capcom', ' publication_interval', ' 1', ' Georgia']","['May_1941', ' date_of_birth', ' after_a_work_by', ' James_Fenimore_Cooper', ' Czech_Republic']"
"['country', ' located_in_the_administrative_territorial_entity', ' United_States_of_America', ' country_of_citizenship', ' headquarters_location']","['New_York_City', ' San_Jose', ' location_of_formation', ' Palo_Alto', ' Vienna']","['Australian_Football_League', ' Homo_sapiens', ' Honduras', ' Hong_Kong', ' Hot_Springs']"
"['country', ' located_in_the_administrative_territorial_entity', ' United_States_of_America', ' country_of_citizenship', ' headquarters_location']","['Ankara', ' Tehran', ' record_label', ' Aristotle', ' Cyndi_Lauper']","['Jake_Paul', ' partner', ' Australian_Capital_Territory', ' Homicide:_Life_on_the_Street', ' Honduras']"
"['country', ' located_in_the_administrative_territorial_entity', ' United_States_of_America', ' country_of_citizenship', ' headquarters_location']","['Ankara', ' Tehran', ' record_label', ' Aristotle', ' Cyndi_Lauper']","['New_York_City', ' place_of_death', ' award_received', ' Grammy_Lifetime_Achievement_Award', ' Lincoln_University']"
"['country', ' located_in_the_administrative_territorial_entity', ' United_States_of_America', ' country_of_citizenship', ' headquarters_location']","['Frisii', ' Spain', ' named_after', ' cast_member', ' University_of_Cambridge']","['Bithynia', ' Australia_national_association_football_team', ' Honduras', ' Hong_Kong', ' Hot_Springs']"
"['country', ' located_in_the_administrative_territorial_entity', ' United_States_of_America', ' country_of_citizenship', ' headquarters_location']","['John_Lennon', ' Capcom', ' publication_interval', ' 1', ' Georgia']","['platform', ' Epic_Games', ' Iceland', ' Nintendo_Switch', ' PlayStation_4']"
"['country', ' located_in_the_administrative_territorial_entity', ' United_States_of_America', ' country_of_citizenship', ' headquarters_location']","['political_ideology', ' Russia', ' country_of_citizenship', ' Treasure', ' time_period']","['Midnighter', ' Kenya', ' Cyclin_dependent_kinase_inhibitor_1B', ' Homicide:_Life_on_the_Street', ' Honduras']"
"['country', ' located_in_the_administrative_territorial_entity', ' United_States_of_America', ' country_of_citizenship', ' headquarters_location']","['Nepal', ' Turkey', ' Manhattan', ' location_of_formation', ' Homicide:_Life_on_the_Street']","['location', ' Homicide:_Life_on_the_Street', ' Homo_sapiens', ' Honduras', ' Hong_Kong']"
"['country', ' located_in_the_administrative_territorial_entity', ' United_States_of_America', ' country_of_citizenship', ' headquarters_location']","['Ankara', ' Tehran', ' record_label', ' Aristotle', ' Cyndi_Lauper']","['Evanston', ' County_Kerry', ' Homicide:_Life_on_the_Street', ' Homo_sapiens', ' Honduras']"
"['country', ' located_in_the_administrative_territorial_entity', ' United_States_of_America', ' country_of_citizenship', ' headquarters_location']","['1909', ' Lucilia', ' position_held', ' terminus', ' White_House_Communications_Director']","['Syria', ' Selasphorus', ' Gwalior', ' Honduras', ' Hong_Kong']"
"['country', ' located_in_the_administrative_territorial_entity', ' United_States_of_America', ' country_of_citizenship', ' headquarters_location']","['Frisii', ' Spain', ' named_after', ' cast_member', ' University_of_Cambridge']","['Meadville', ' Minnesota_Twins', ' Homicide:_Life_on_the_Street', ' Homo_sapiens', ' Honduras']"
"['country', ' located_in_the_administrative_territorial_entity', ' United_States_of_America', ' country_of_citizenship', ' headquarters_location']","['member_of_sports_team', ' country', ' Sparta', ' Manchester_United_F.C.', ' Kenny_Chesney']","['original_network', ' American_Broadcasting_Company', ' Erdheim-Chester_disease', ' 3', ' Adoniram_Judson']"
"['country', ' located_in_the_administrative_territorial_entity', ' United_States_of_America', ' country_of_citizenship', ' headquarters_location']","['Ankara', ' Tehran', ' record_label', ' Aristotle', ' Cyndi_Lauper']","['date_of_death', ' Macedonia', ' November_24_2014', ' Queensland', ' Piero_Schivazappa']"
"['country', ' located_in_the_administrative_territorial_entity', ' United_States_of_America', ' country_of_citizenship', ' headquarters_location']","['New_York_City', ' San_Jose', ' location_of_formation', ' Palo_Alto', ' Vienna']","['chemistry', ' Israel', ' Connecticut', ' Homicide:_Life_on_the_Street', ' Homo_sapiens']"
"['country', ' located_in_the_administrative_territorial_entity', ' United_States_of_America', ' country_of_citizenship', ' headquarters_location']","['Split_Enz', ' point_in_time', ' Grenada', ' Santiniketan', ' killed_by']","['Adidas', ' Maurya_Empire', ' Grenada', ' family', ' Mary_Roach']"
"['country', ' located_in_the_administrative_territorial_entity', ' United_States_of_America', ' country_of_citizenship', ' headquarters_location']","['Connecticut', ' United_States_Navy', ' United_States_of_America', ' country_for_sport', ' conflict']","['Plasminogen_activator', '_tissue_type', ' Homo_sapiens', ' Honduras', ' Hong_Kong', ' Hot_Springs']"
"['country', ' located_in_the_administrative_territorial_entity', ' United_States_of_America', ' country_of_citizenship', ' headquarters_location']","['Kyoto', ' Sweden', ' Lithuania', ' followed_by', ' contains_administrative_territorial_entity']","['Briançon', ' Homo_sapiens', ' Honduras', ' Hong_Kong', ' Hot_Springs']"
"['country', ' located_in_the_administrative_territorial_entity', ' United_States_of_America', ' country_of_citizenship', ' headquarters_location']","['George_Gaynes', ' United_States_of_America', ' Rome', ' spouse', ' Ionia']","['Greece', ' Sleipnir', ' Homicide:_Life_on_the_Street', ' Homo_sapiens', ' Honduras']"
"['country', ' located_in_the_administrative_territorial_entity', ' United_States_of_America', ' country_of_citizenship', ' headquarters_location']","['political_ideology', ' Russia', ' country_of_citizenship', ' Treasure', ' time_period']","['1', ' Χ', ' Σ', ' Λ', ' İzmir']"
"['country', ' located_in_the_administrative_territorial_entity', ' United_States_of_America', ' country_of_citizenship', ' headquarters_location']","['Germany', ' Gwalior', ' Pearl_Jam', ' London_Borough_of_Waltham_Forest', ' Louisiana']","['capital_of', ' North_Western_Province', ' Kurunegala_District', ' Sri_Lanka', ' Homicide:_Life_on_the_Street']"
"['country', ' located_in_the_administrative_territorial_entity', ' United_States_of_America', ' country_of_citizenship', ' headquarters_location']","['New_Orleans', ' Gove_County', ' Sparta', ' Logan_County', ' New_Jersey_Devils']","['Harvard_University', ' field_of_work', ' member_of', ' Homicide:_Life_on_the_Street', ' Honduras']"
"['country', ' located_in_the_administrative_territorial_entity', ' United_States_of_America', ' country_of_citizenship', ' headquarters_location']","['political_ideology', ' Russia', ' country_of_citizenship', ' Treasure', ' time_period']","['1', ' Χ', ' Σ', ' Λ', ' İzmir']"
"['country', ' located_in_the_administrative_territorial_entity', ' United_States_of_America', ' country_of_citizenship', ' headquarters_location']","['Connecticut', ' United_States_Navy', ' United_States_of_America', ' country_for_sport', ' conflict']","['author', ' publisher', ' Holyhead', ' Homo_sapiens', ' Honduras']"
"['country', ' located_in_the_administrative_territorial_entity', ' United_States_of_America', ' country_of_citizenship', ' headquarters_location']","['Nepal', ' Turkey', ' Manhattan', ' location_of_formation', ' Homicide:_Life_on_the_Street']","['1', ' Χ', ' Σ', ' Λ', ' İzmir']"
"['country', ' located_in_the_administrative_territorial_entity', ' United_States_of_America', ' country_of_citizenship', ' headquarters_location']","['Dutch', ' Maria_Theresa_of_Spain', ' Bible', ' France', ' field_of_work']","['World_War_I', ' participant_of', ' Holyhead', ' Homicide:_Life_on_the_Street', ' Homo_sapiens']"
"['country', ' located_in_the_administrative_territorial_entity', ' United_States_of_America', ' country_of_citizenship', ' headquarters_location']","['inception', ' Edinburgh', ' editor', ' Tina_Brown', ' Goldfinger']","['Israel_Defense_Forces', ' Homicide:_Life_on_the_Street', ' Homo_sapiens', ' Honduras', ' Hong_Kong']"
"['country', ' located_in_the_administrative_territorial_entity', ' United_States_of_America', ' country_of_citizenship', ' headquarters_location']","['Nepal', ' Turkey', ' Manhattan', ' location_of_formation', ' Homicide:_Life_on_the_Street']","['Wetzlar', ' location_of_formation', ' Homicide:_Life_on_the_Street', ' Homo_sapiens', ' Honduras']"
"['country', ' located_in_the_administrative_territorial_entity', ' United_States_of_America', ' country_of_citizenship', ' headquarters_location']","['partner', ' Los_Angeles', ' country', ' award_received', ' sports_season_of_league_or_competition']","['languages_spoken', '_written_or_signed', ' Danish', ' Homo_sapiens', ' Honduras', ' Hong_Kong']"
"['country', ' located_in_the_administrative_territorial_entity', ' United_States_of_America', ' country_of_citizenship', ' headquarters_location']","['New_Zealand', ' Kevin_Williamson', ' cast_member', "" Conan_O'Brien"", ' country_of_origin']","['National_Historic_Landmark', ' original_network', ' Newburgh', ' Homicide:_Life_on_the_Street', ' Homo_sapiens']"
"['country', ' located_in_the_administrative_territorial_entity', ' United_States_of_America', ' country_of_citizenship', ' headquarters_location']","['readable_file_format', ' part_of_the_series', ' league', ' Frederick_Law_Olmsted', ' South_African_Premier_Division']","['architect', ' Holyhead', ' Homicide:_Life_on_the_Street', ' Homo_sapiens', ' Honduras']"
"['country', ' located_in_the_administrative_territorial_entity', ' United_States_of_America', ' country_of_citizenship', ' headquarters_location']","['Kyoto', ' Sweden', ' Lithuania', ' followed_by', ' contains_administrative_territorial_entity']","['Kerala', ' Scotland', ' located_in_or_next_to_body_of_water', ' Douglas_Fairbanks', ' spouse']"
"['country', ' located_in_the_administrative_territorial_entity', ' United_States_of_America', ' country_of_citizenship', ' headquarters_location']","['employer', ' winner', ' Finland', ' Millwall_F.C.', ' Cambridge']","['El_Niño', ' opposite_of', ' instance_of', ' El_Niño_Southern_Oscillation', ' has_part']"
"['country', ' located_in_the_administrative_territorial_entity', ' United_States_of_America', ' country_of_citizenship', ' headquarters_location']","['Minnesota', ' New_Zealand', ' capital', ' Chile', ' Olivia']","['Madagascar', ' Andoany', ' Croatia', ' Homo_sapiens', ' Honduras']"
"['country', ' located_in_the_administrative_territorial_entity', ' United_States_of_America', ' country_of_citizenship', ' headquarters_location']","['Australia', ' capital', ' Brisbane', ' shares_border_with', ' Illinois']","['derivative_work', ' Homicide:_Life_on_the_Street', ' Homo_sapiens', ' Honduras', ' Hong_Kong']"
"['country', ' located_in_the_administrative_territorial_entity', ' United_States_of_America', ' country_of_citizenship', ' headquarters_location']","['Connecticut', ' United_States_Navy', ' United_States_of_America', ' country_for_sport', ' conflict']","['Yamatoji_Line', ' connects_with', ' has_part', ' Appleton_Medal_and_Prize', ' terminus']"
"['country', ' located_in_the_administrative_territorial_entity', ' United_States_of_America', ' country_of_citizenship', ' headquarters_location']","['New_Orleans', ' Gove_County', ' Sparta', ' Logan_County', ' New_Jersey_Devils']","['1', ' Χ', ' Σ', ' Λ', ' İzmir']"
"['country', ' located_in_the_administrative_territorial_entity', ' United_States_of_America', ' country_of_citizenship', ' headquarters_location']","['Germany', ' Gwalior', ' Pearl_Jam', ' London_Borough_of_Waltham_Forest', ' Louisiana']","['Mexico', ' Philadelphia_Eagles', ' Homicide:_Life_on_the_Street', ' Honduras', ' Hong_Kong']"
"['country', ' located_in_the_administrative_territorial_entity', ' United_States_of_America', ' country_of_citizenship', ' headquarters_location']","['notable_work', ' Charleston', ' Moscow', ' University_of_Michigan', ' Chicago']","['Eric_S._Raymond', ' Linus_Torvalds', ' Scottish_National_Party', ' named_after', ' member_of_political_party']"
"['country', ' located_in_the_administrative_territorial_entity', ' United_States_of_America', ' country_of_citizenship', ' headquarters_location']","['Connecticut', ' United_States_Navy', ' United_States_of_America', ' country_for_sport', ' conflict']","['Central_America', ' continent', ' Sri_Lanka', ' Brazil', ' Aix-en-Provence']"
"['country', ' located_in_the_administrative_territorial_entity', ' United_States_of_America', ' country_of_citizenship', ' headquarters_location']","['employer', ' winner', ' Finland', ' Millwall_F.C.', ' Cambridge']","['1', ' Χ', ' Σ', ' Λ', ' İzmir']"
"['country', ' located_in_the_administrative_territorial_entity', ' United_States_of_America', ' country_of_citizenship', ' headquarters_location']","['member_of_sports_team', ' country', ' Sparta', ' Manchester_United_F.C.', ' Kenny_Chesney']","[""People's_Republic_of_China"", ' Homo_sapiens', ' Honduras', ' Hong_Kong', ' Hot_Springs']"
"['country', ' located_in_the_administrative_territorial_entity', ' United_States_of_America', ' country_of_citizenship', ' headquarters_location']","['inception', ' Edinburgh', ' editor', ' Tina_Brown', ' Goldfinger']","['1', ' Χ', ' Σ', ' Λ', ' İzmir']"
"['country', ' located_in_the_administrative_territorial_entity', ' United_States_of_America', ' country_of_citizenship', ' headquarters_location']","[""People's_Republic_of_China"", ' British_Columbia', ' Stuttgart', ' named_after', ' Early_Cretaceous']","['Simon_Fraser_University', ' Middle_Jurassic', ' Holyhead', ' Homo_sapiens', ' Honduras']"
"['country', ' located_in_the_administrative_territorial_entity', ' United_States_of_America', ' country_of_citizenship', ' headquarters_location']","['Frisii', ' Spain', ' named_after', ' cast_member', ' University_of_Cambridge']","['1', ' Χ', ' Σ', ' Λ', ' İzmir']"
"['country', ' located_in_the_administrative_territorial_entity', ' United_States_of_America', ' country_of_citizenship', ' headquarters_location']","['George_Gaynes', ' United_States_of_America', ' Rome', ' spouse', ' Ionia']","['Illinois', ' Pennsylvania', ' Le_Canard_enchaîné', ' shares_border_with', ' December_22_1946']"
"['country', ' located_in_the_administrative_territorial_entity', ' United_States_of_America', ' country_of_citizenship', ' headquarters_location']","[""People's_Republic_of_China"", ' British_Columbia', ' Stuttgart', ' named_after', ' Early_Cretaceous']","['operator', ' Triple_J', ' Mexico', ' Homicide:_Life_on_the_Street', ' Homo_sapiens']"
"['country', ' located_in_the_administrative_territorial_entity', ' United_States_of_America', ' country_of_citizenship', ' headquarters_location']","['continent', ' Germany', ' Nazi_Party', ' 1972_Summer_Olympics', ' member_of_political_party']","['Antarctica', ' follows', ' part_of', ' Homo_sapiens', ' Honduras']"
"['country', ' located_in_the_administrative_territorial_entity', ' United_States_of_America', ' country_of_citizenship', ' headquarters_location']","['Feyenoord', ' Mount_Paget', ' screenwriter', ' publisher', ' sibling']","['Philip_II_of_Spain', ' sibling', ' doctoral_advisor', ' Eton_College', ' Doina_Precup']"
"['country', ' located_in_the_administrative_territorial_entity', ' United_States_of_America', ' country_of_citizenship', ' headquarters_location']","['political_ideology', ' Russia', ' country_of_citizenship', ' Treasure', ' time_period']","['family', ' House_of_Glücksburg', ' Denmark', ' Queensland', ' notable_work']"
"['country', ' located_in_the_administrative_territorial_entity', ' United_States_of_America', ' country_of_citizenship', ' headquarters_location']","['George_Gaynes', ' United_States_of_America', ' Rome', ' spouse', ' Ionia']","['UNESCO_World_Heritage_Site', ' heritage_designation', ' Holyhead', ' Homo_sapiens', ' Honduras']"
"['country', ' located_in_the_administrative_territorial_entity', ' United_States_of_America', ' country_of_citizenship', ' headquarters_location']","['George_Gaynes', ' United_States_of_America', ' Rome', ' spouse', ' Ionia']","['Scott_Bakula', ' Mythago_Wood', ' Johnny_Mathis', ' Homo_sapiens', ' Honduras']"
"['country', ' located_in_the_administrative_territorial_entity', ' United_States_of_America', ' country_of_citizenship', ' headquarters_location']","['readable_file_format', ' part_of_the_series', ' league', ' Frederick_Law_Olmsted', ' South_African_Premier_Division']","['Protein_Data_Bank', ' military_branch', ' sibling', ' John_II', ' programming_language']"
"['country', ' located_in_the_administrative_territorial_entity', ' United_States_of_America', ' country_of_citizenship', ' headquarters_location']","['New_Zealand', ' Kevin_Williamson', ' cast_member', "" Conan_O'Brien"", ' country_of_origin']","['Argentina', ' Jersey_City', ' Honduras', ' Hong_Kong', ' Hot_Springs']"
"['country', ' located_in_the_administrative_territorial_entity', ' United_States_of_America', ' country_of_citizenship', ' headquarters_location']","['Frisii', ' Spain', ' named_after', ' cast_member', ' University_of_Cambridge']","['Hong_Kong', ' Homo_sapiens', ' Honduras', ' Hot_Springs', ' House_of_Glücksburg']"
"['country', ' located_in_the_administrative_territorial_entity', ' United_States_of_America', ' country_of_citizenship', ' headquarters_location']","['Frisii', ' Spain', ' named_after', ' cast_member', ' University_of_Cambridge']","['Detroit', ' Homo_sapiens', ' Honduras', ' Hong_Kong', ' Hot_Springs']"
"['country', ' located_in_the_administrative_territorial_entity', ' United_States_of_America', ' country_of_citizenship', ' headquarters_location']","['John_Lennon', ' Capcom', ' publication_interval', ' 1', ' Georgia']","['1', ' Χ', ' Σ', ' Λ', ' İzmir']"
"['country', ' located_in_the_administrative_territorial_entity', ' United_States_of_America', ' country_of_citizenship', ' headquarters_location']","['George_Gaynes', ' United_States_of_America', ' Rome', ' spouse', ' Ionia']","['Palo_Alto', ' religion', ' location', ' consecrator', ' Benedict_XV']"
"['country', ' located_in_the_administrative_territorial_entity', ' United_States_of_America', ' country_of_citizenship', ' headquarters_location']","['partner', ' Los_Angeles', ' country', ' award_received', ' sports_season_of_league_or_competition']","['Honduras', ' Spain', ' Holyhead', ' Homicide:_Life_on_the_Street', ' Homo_sapiens']"
"['country', ' located_in_the_administrative_territorial_entity', ' United_States_of_America', ' country_of_citizenship', ' headquarters_location']","['New_Zealand', ' Kevin_Williamson', ' cast_member', "" Conan_O'Brien"", ' country_of_origin']","['1', ' Χ', ' Σ', ' Λ', ' İzmir']"
"['country', ' located_in_the_administrative_territorial_entity', ' United_States_of_America', ' country_of_citizenship', ' headquarters_location']","[""People's_Republic_of_China"", ' British_Columbia', ' Stuttgart', ' named_after', ' Early_Cretaceous']","['Japan', ' location_of_formation', ' Homicide:_Life_on_the_Street', ' Homo_sapiens', ' Honduras']"
"['country', ' located_in_the_administrative_territorial_entity', ' United_States_of_America', ' country_of_citizenship', ' headquarters_location']","['Kyoto', ' Sweden', ' Lithuania', ' followed_by', ' contains_administrative_territorial_entity']","['Far_Cry_3', ' follows', ' author', ' Holyhead', ' Homo_sapiens']"
"['country', ' located_in_the_administrative_territorial_entity', ' United_States_of_America', ' country_of_citizenship', ' headquarters_location']","['George_Gaynes', ' United_States_of_America', ' Rome', ' spouse', ' Ionia']","['1', ' Χ', ' Σ', ' Λ', ' İzmir']"
"['country', ' located_in_the_administrative_territorial_entity', ' United_States_of_America', ' country_of_citizenship', ' headquarters_location']","['Frisii', ' Spain', ' named_after', ' cast_member', ' University_of_Cambridge']","['Pakistan', ' participant', ' Homo_sapiens', ' Honduras', ' Hong_Kong']"
"['country', ' located_in_the_administrative_territorial_entity', ' United_States_of_America', ' country_of_citizenship', ' headquarters_location']","['readable_file_format', ' part_of_the_series', ' league', ' Frederick_Law_Olmsted', ' South_African_Premier_Division']","['AXIOS_Media', ' Judith_of_Brittany', ' Homo_sapiens', ' Honduras', ' Hong_Kong']"
"['country', ' located_in_the_administrative_territorial_entity', ' United_States_of_America', ' country_of_citizenship', ' headquarters_location']","['employer', ' winner', ' Finland', ' Millwall_F.C.', ' Cambridge']","['Ventnor_City', ' Homicide:_Life_on_the_Street', ' Homo_sapiens', ' Honduras', ' Hong_Kong']"
"['country', ' located_in_the_administrative_territorial_entity', ' United_States_of_America', ' country_of_citizenship', ' headquarters_location']","['partner', ' Los_Angeles', ' country', ' award_received', ' sports_season_of_league_or_competition']","['Robert_Pattinson', ' partner', ' Greenland', ' Homicide:_Life_on_the_Street', ' Homo_sapiens']"
"['country', ' located_in_the_administrative_territorial_entity', ' United_States_of_America', ' country_of_citizenship', ' headquarters_location']","['Germany', ' Gwalior', ' Pearl_Jam', ' London_Borough_of_Waltham_Forest', ' Louisiana']","['Poland', ' Australia', ' Honduras', ' Hong_Kong', ' Hot_Springs']"
"['country', ' located_in_the_administrative_territorial_entity', ' United_States_of_America', ' country_of_citizenship', ' headquarters_location']","['diplomatic_relation', ' Spain', ' country', ' shares_border_with', ' Denmark']","['Wells_County', ' Guns_N’_Roses', ' Homo_sapiens', ' Honduras', ' Hong_Kong']"
"['country', ' located_in_the_administrative_territorial_entity', ' United_States_of_America', ' country_of_citizenship', ' headquarters_location']","['Minnesota', ' New_Zealand', ' capital', ' Chile', ' Olivia']","['Nord', ' 1961', ' Homo_sapiens', ' Honduras', ' Hong_Kong']"
"['country', ' located_in_the_administrative_territorial_entity', ' United_States_of_America', ' country_of_citizenship', ' headquarters_location']","['Connecticut', ' United_States_Navy', ' United_States_of_America', ' country_for_sport', ' conflict']","['Jackie_Chan', ' producer', ' Homicide:_Life_on_the_Street', ' Homo_sapiens', ' Honduras']"
"['country', ' located_in_the_administrative_territorial_entity', ' United_States_of_America', ' country_of_citizenship', ' headquarters_location']","['New_Zealand', ' Kevin_Williamson', ' cast_member', "" Conan_O'Brien"", ' country_of_origin']","['Isabella_of_Villehardouin', ' mother', ' Homicide:_Life_on_the_Street', ' Homo_sapiens', ' Honduras']"
"['country', ' located_in_the_administrative_territorial_entity', ' United_States_of_America', ' country_of_citizenship', ' headquarters_location']","['Kyoto', ' Sweden', ' Lithuania', ' followed_by', ' contains_administrative_territorial_entity']","['New_York_Knicks', ' Homo_sapiens', ' Honduras', ' Hong_Kong', ' Hot_Springs']"
"['country', ' located_in_the_administrative_territorial_entity', ' United_States_of_America', ' country_of_citizenship', ' headquarters_location']","['John_Lennon', ' Capcom', ' publication_interval', ' 1', ' Georgia']","['Japan', ' Homicide:_Life_on_the_Street', ' Homo_sapiens', ' Honduras', ' Hong_Kong']"
"['country', ' located_in_the_administrative_territorial_entity', ' United_States_of_America', ' country_of_citizenship', ' headquarters_location']","['date_of_death', ' followed_by', ' Anne_Brooksbank', ' St._Louis_Cardinals', ' Wenlock']","['Turkey', ' Homicide:_Life_on_the_Street', ' Homo_sapiens', ' Honduras', ' Hong_Kong']"
"['country', ' located_in_the_administrative_territorial_entity', ' United_States_of_America', ' country_of_citizenship', ' headquarters_location']","['political_ideology', ' Russia', ' country_of_citizenship', ' Treasure', ' time_period']","['D._Boon', ' Homo_sapiens', ' Honduras', ' Hong_Kong', ' Hot_Springs']"
"['country', ' located_in_the_administrative_territorial_entity', ' United_States_of_America', ' country_of_citizenship', ' headquarters_location']","['continent', ' Germany', ' Nazi_Party', ' 1972_Summer_Olympics', ' member_of_political_party']","['André_the_Giant', ' Homicide:_Life_on_the_Street', ' Homo_sapiens', ' Honduras', ' Hong_Kong']"
"['country', ' located_in_the_administrative_territorial_entity', ' United_States_of_America', ' country_of_citizenship', ' headquarters_location']","['George_Gaynes', ' United_States_of_America', ' Rome', ' spouse', ' Ionia']","['Alexander_Shulgin', ' Homicide:_Life_on_the_Street', ' Homo_sapiens', ' Honduras', ' Hong_Kong']"
"['country', ' located_in_the_administrative_territorial_entity', ' United_States_of_America', ' country_of_citizenship', ' headquarters_location']","['employer', ' winner', ' Finland', ' Millwall_F.C.', ' Cambridge']","['1', ' Χ', ' Σ', ' Λ', ' İzmir']"
"['country', ' located_in_the_administrative_territorial_entity', ' United_States_of_America', ' country_of_citizenship', ' headquarters_location']","['Ankara', ' Tehran', ' record_label', ' Aristotle', ' Cyndi_Lauper']","['Mediterranean_Sea', ' endemic_to', ' Holyhead', ' Homicide:_Life_on_the_Street', ' Homo_sapiens']"
"['country', ' located_in_the_administrative_territorial_entity', ' United_States_of_America', ' country_of_citizenship', ' headquarters_location']","['New_Zealand', ' Kevin_Williamson', ' cast_member', "" Conan_O'Brien"", ' country_of_origin']","['Belgium', ' Homo_sapiens', ' Honduras', ' Hong_Kong', ' Hot_Springs']"
"['country', ' located_in_the_administrative_territorial_entity', ' United_States_of_America', ' country_of_citizenship', ' headquarters_location']","['time-weighted_average_exposure_limit', ' vapor_pressure', ' minimal_lethal_dose', ' Baauer', ' short-term_exposure_limit']","['followed_by', ' Σ', ' CenturyLink_Field', ' home_venue', ' California']"
"['country', ' located_in_the_administrative_territorial_entity', ' United_States_of_America', ' country_of_citizenship', ' headquarters_location']","['political_ideology', ' Russia', ' country_of_citizenship', ' Treasure', ' time_period']","['1', ' Χ', ' Σ', ' Λ', ' İzmir']"
"['country', ' located_in_the_administrative_territorial_entity', ' United_States_of_America', ' country_of_citizenship', ' headquarters_location']","['Split_Enz', ' point_in_time', ' Grenada', ' Santiniketan', ' killed_by']","['Jennifer_Love_Hewitt', ' cast_member', ' 2', ' producer', ' number_of_seasons']"
"['country', ' located_in_the_administrative_territorial_entity', ' United_States_of_America', ' country_of_citizenship', ' headquarters_location']","['time-weighted_average_exposure_limit', ' vapor_pressure', ' minimal_lethal_dose', ' Baauer', ' short-term_exposure_limit']","['place_of_death', ' Holyhead', ' Homicide:_Life_on_the_Street', ' Homo_sapiens', ' Honduras']"
"['country', ' located_in_the_administrative_territorial_entity', ' United_States_of_America', ' country_of_citizenship', ' headquarters_location']","['employer', ' winner', ' Finland', ' Millwall_F.C.', ' Cambridge']","['participant', ' Israel', ' Iran', ' location', ' Jerusalem']"
"['country', ' located_in_the_administrative_territorial_entity', ' United_States_of_America', ' country_of_citizenship', ' headquarters_location']","['readable_file_format', ' part_of_the_series', ' league', ' Frederick_Law_Olmsted', ' South_African_Premier_Division']","['1', ' Χ', ' Σ', ' Λ', ' İzmir']"
"['country', ' located_in_the_administrative_territorial_entity', ' United_States_of_America', ' country_of_citizenship', ' headquarters_location']","['Frisii', ' Spain', ' named_after', ' cast_member', ' University_of_Cambridge']","['United_States_Department_of_Energy', ' Homicide:_Life_on_the_Street', ' Homo_sapiens', ' Honduras', ' Hong_Kong']"
"['country', ' located_in_the_administrative_territorial_entity', ' United_States_of_America', ' country_of_citizenship', ' headquarters_location']","['Kyoto', ' Sweden', ' Lithuania', ' followed_by', ' contains_administrative_territorial_entity']","['1', ' Χ', ' Σ', ' Λ', ' İzmir']"
"['country', ' located_in_the_administrative_territorial_entity', ' United_States_of_America', ' country_of_citizenship', ' headquarters_location']","[""People's_Republic_of_China"", ' British_Columbia', ' Stuttgart', ' named_after', ' Early_Cretaceous']","['composer', ' Jerry_Garcia', ' Homicide:_Life_on_the_Street', ' Homo_sapiens', ' Honduras']"
"['country', ' located_in_the_administrative_territorial_entity', ' United_States_of_America', ' country_of_citizenship', ' headquarters_location']","['country_of_origin', ' India', ' doctoral_advisor', ' spouse', ' Edmund_Beecher_Wilson']","['doctoral_advisor', ' Homicide:_Life_on_the_Street', ' Homo_sapiens', ' Honduras', ' Hong_Kong']"
"['country', ' located_in_the_administrative_territorial_entity', ' United_States_of_America', ' country_of_citizenship', ' headquarters_location']","['inception', ' Edinburgh', ' editor', ' Tina_Brown', ' Goldfinger']","['1', ' Χ', ' Σ', ' Λ', ' İzmir']"
"['country', ' located_in_the_administrative_territorial_entity', ' United_States_of_America', ' country_of_citizenship', ' headquarters_location']","['South_Africa', ' Đồng_Nai', ' weather', ' award_received', ' Belgium']","['Cachan', ' Homo_sapiens', ' Honduras', ' Hong_Kong', ' Hot_Springs']"
"['country', ' located_in_the_administrative_territorial_entity', ' United_States_of_America', ' country_of_citizenship', ' headquarters_location']","['country_of_origin', ' India', ' doctoral_advisor', ' spouse', ' Edmund_Beecher_Wilson']","['encodes', ' Serpin_family_E_member_1', ' Tina_Brown', ' Coagulation_factor_XII', ' spouse']"
"['country', ' located_in_the_administrative_territorial_entity', ' United_States_of_America', ' country_of_citizenship', ' headquarters_location']","['employer', ' winner', ' Finland', ' Millwall_F.C.', ' Cambridge']","['Poland', ' Homo_sapiens', ' Honduras', ' Hong_Kong', ' Hot_Springs']"
"['country', ' located_in_the_administrative_territorial_entity', ' United_States_of_America', ' country_of_citizenship', ' headquarters_location']","['Mozambique', ' twinned_administrative_body', ' Cyndi_Lauper', ' doctoral_advisor', ' Le_Malzieu-Ville']","['1', ' Χ', ' Σ', ' Λ', ' İzmir']"
"['country', ' located_in_the_administrative_territorial_entity', ' United_States_of_America', ' country_of_citizenship', ' headquarters_location']","['notable_work', ' Charleston', ' Moscow', ' University_of_Michigan', ' Chicago']","['employer', ' United_Nations', ' Holyhead', ' Homicide:_Life_on_the_Street', ' Homo_sapiens']"
"['country', ' located_in_the_administrative_territorial_entity', ' United_States_of_America', ' country_of_citizenship', ' headquarters_location']","['George_Gaynes', ' United_States_of_America', ' Rome', ' spouse', ' Ionia']","['1', ' frequency_of_event', ' conversion_to_SI_unit', ' sports_league_level', ' England']"
"['country', ' located_in_the_administrative_territorial_entity', ' United_States_of_America', ' country_of_citizenship', ' headquarters_location']","['Kyoto', ' Sweden', ' Lithuania', ' followed_by', ' contains_administrative_territorial_entity']","['owner_of', ' ESPN', ' Carolina_Panthers', ' subsidiary', ' chief_executive_officer']"
"['country', ' located_in_the_administrative_territorial_entity', ' United_States_of_America', ' country_of_citizenship', ' headquarters_location']","['inception', ' Edinburgh', ' editor', ' Tina_Brown', ' Goldfinger']","['founded_by', ' pulmonology', ' 1993', ' Holyhead', ' Homicide:_Life_on_the_Street']"
"['country', ' located_in_the_administrative_territorial_entity', ' United_States_of_America', ' country_of_citizenship', ' headquarters_location']","['time-weighted_average_exposure_limit', ' vapor_pressure', ' minimal_lethal_dose', ' Baauer', ' short-term_exposure_limit']","['architect', ' Andrea_Palladio', ' Frida_Kahlo', ' Vicenza', ' Coyoacán']"
"['country', ' located_in_the_administrative_territorial_entity', ' United_States_of_America', ' country_of_citizenship', ' headquarters_location']","['John_Lennon', ' Capcom', ' publication_interval', ' 1', ' Georgia']","['September_8_1954', ' date_of_birth', ' 1972_Summer_Olympics', ' Homo_sapiens', ' Honduras']"
"['country', ' located_in_the_administrative_territorial_entity', ' United_States_of_America', ' country_of_citizenship', ' headquarters_location']","['Australia', ' capital', ' Brisbane', ' shares_border_with', ' Illinois']","['located_in_the_administrative_territorial_entity', ' Missouri', ' United_States_of_America', ' Ohio', ' country']"
"['country', ' located_in_the_administrative_territorial_entity', ' United_States_of_America', ' country_of_citizenship', ' headquarters_location']","['George_Gaynes', ' United_States_of_America', ' Rome', ' spouse', ' Ionia']","['Nagasaki', ' twinned_administrative_body', ' Taiwan', ' Homicide:_Life_on_the_Street', ' Homo_sapiens']"
"['country', ' located_in_the_administrative_territorial_entity', ' United_States_of_America', ' country_of_citizenship', ' headquarters_location']","['Frisii', ' Spain', ' named_after', ' cast_member', ' University_of_Cambridge']","['New_York', ' located_in_the_administrative_territorial_entity', ' Louisiana', ' Homo_sapiens', ' Honduras']"
"['country', ' located_in_the_administrative_territorial_entity', ' United_States_of_America', ' country_of_citizenship', ' headquarters_location']","['Mozambique', ' twinned_administrative_body', ' Cyndi_Lauper', ' doctoral_advisor', ' Le_Malzieu-Ville']","['has_part', ' Simon_Climie', ' Homicide:_Life_on_the_Street', ' Homo_sapiens', ' Honduras']"
"['country', ' located_in_the_administrative_territorial_entity', ' United_States_of_America', ' country_of_citizenship', ' headquarters_location']","['New_Orleans', ' Gove_County', ' Sparta', ' Logan_County', ' New_Jersey_Devils']","['shares_border_with', ' Kenya', ' diplomatic_relation', ' capital', ' Uganda']"
"['country', ' located_in_the_administrative_territorial_entity', ' United_States_of_America', ' country_of_citizenship', ' headquarters_location']","['readable_file_format', ' part_of_the_series', ' league', ' Frederick_Law_Olmsted', ' South_African_Premier_Division']","['Julia_Says', ' Homo_sapiens', ' Honduras', ' Hong_Kong', ' Hot_Springs']"
"['country', ' located_in_the_administrative_territorial_entity', ' United_States_of_America', ' country_of_citizenship', ' headquarters_location']","['John_Lennon', ' Capcom', ' publication_interval', ' 1', ' Georgia']","['member_of_sports_team', ' Minnesota_Vikings', ' country_for_sport', ' Homicide:_Life_on_the_Street', ' Homo_sapiens']"
"['country', ' located_in_the_administrative_territorial_entity', ' United_States_of_America', ' country_of_citizenship', ' headquarters_location']","['1909', ' Lucilia', ' position_held', ' terminus', ' White_House_Communications_Director']","['New_Zealand', ' French_Montana', ' Germany', ' member_of', ' Honduras']"
"['country', ' located_in_the_administrative_territorial_entity', ' United_States_of_America', ' country_of_citizenship', ' headquarters_location']","['time-weighted_average_exposure_limit', ' vapor_pressure', ' minimal_lethal_dose', ' Baauer', ' short-term_exposure_limit']","['Brazil', ' country_for_sport', ' Basel', ' Philippines', ' Hong_Kong']"
"['country', ' located_in_the_administrative_territorial_entity', ' United_States_of_America', ' country_of_citizenship', ' headquarters_location']","['South_Africa', ' Đồng_Nai', ' weather', ' award_received', ' Belgium']","['South_Africa', ' place_of_birth', ' Indonesia', ' Homicide:_Life_on_the_Street', ' Homo_sapiens']"
"['country', ' located_in_the_administrative_territorial_entity', ' United_States_of_America', ' country_of_citizenship', ' headquarters_location']","['Dutch', ' Maria_Theresa_of_Spain', ' Bible', ' France', ' field_of_work']","[""People's_Republic_of_China"", ' Hubei', ' capital_of', ' Xining', ' capital']"
"['country', ' located_in_the_administrative_territorial_entity', ' United_States_of_America', ' country_of_citizenship', ' headquarters_location']","['diplomatic_relation', ' Spain', ' country', ' shares_border_with', ' Denmark']","['Wrigley_Field', ' league', ' home_venue', ' owner_of', ' National_League']"
"['country', ' located_in_the_administrative_territorial_entity', ' United_States_of_America', ' country_of_citizenship', ' headquarters_location']","['readable_file_format', ' part_of_the_series', ' league', ' Frederick_Law_Olmsted', ' South_African_Premier_Division']","['Soweto', ' Holyhead', ' Homicide:_Life_on_the_Street', ' Homo_sapiens', ' Honduras']"
"['country', ' located_in_the_administrative_territorial_entity', ' United_States_of_America', ' country_of_citizenship', ' headquarters_location']","['Feyenoord', ' Mount_Paget', ' screenwriter', ' publisher', ' sibling']","['1', ' Χ', ' Σ', ' Λ', ' İzmir']"
"['country', ' located_in_the_administrative_territorial_entity', ' United_States_of_America', ' country_of_citizenship', ' headquarters_location']","['inception', ' Edinburgh', ' editor', ' Tina_Brown', ' Goldfinger']","['operator', ' Google', ' owned_by', ' Televisa', ' Mexico_City']"
"['country', ' located_in_the_administrative_territorial_entity', ' United_States_of_America', ' country_of_citizenship', ' headquarters_location']","['George_Gaynes', ' United_States_of_America', ' Rome', ' spouse', ' Ionia']","['Panicum_miliaceum', ' South_Australia', ' Homicide:_Life_on_the_Street', ' Homo_sapiens', ' Honduras']"
"['country', ' located_in_the_administrative_territorial_entity', ' United_States_of_America', ' country_of_citizenship', ' headquarters_location']","['partner', ' Los_Angeles', ' country', ' award_received', ' sports_season_of_league_or_competition']","['Matsusaka', ' March_28_1974', ' Poland', ' Johnson_County', ' Torquay_United_F.C.']"
"['country', ' located_in_the_administrative_territorial_entity', ' United_States_of_America', ' country_of_citizenship', ' headquarters_location']","['Dutch', ' Maria_Theresa_of_Spain', ' Bible', ' France', ' field_of_work']","['sport', ' 1885', ' Homo_sapiens', ' Honduras', ' Hong_Kong']"
"['country', ' located_in_the_administrative_territorial_entity', ' United_States_of_America', ' country_of_citizenship', ' headquarters_location']","['John_Lennon', ' Capcom', ' publication_interval', ' 1', ' Georgia']","['Washington', '_D.C.', ' Homicide:_Life_on_the_Street', ' Homo_sapiens', ' Honduras', ' Hong_Kong']"
"['country', ' located_in_the_administrative_territorial_entity', ' United_States_of_America', ' country_of_citizenship', ' headquarters_location']","['diplomatic_relation', ' Spain', ' country', ' shares_border_with', ' Denmark']","['1', ' Χ', ' Σ', ' Λ', ' İzmir']"
"['country', ' located_in_the_administrative_territorial_entity', ' United_States_of_America', ' country_of_citizenship', ' headquarters_location']","['New_Zealand', ' Kevin_Williamson', ' cast_member', "" Conan_O'Brien"", ' country_of_origin']","['ITV', ' creator', ' original_network', ' country_of_origin', ' The_WB']"
"['country', ' located_in_the_administrative_territorial_entity', ' United_States_of_America', ' country_of_citizenship', ' headquarters_location']","['political_ideology', ' Russia', ' country_of_citizenship', ' Treasure', ' time_period']","['Mollusca', ' place_of_death', ' Homicide:_Life_on_the_Street', ' Homo_sapiens', ' Honduras']"
"['country', ' located_in_the_administrative_territorial_entity', ' United_States_of_America', ' country_of_citizenship', ' headquarters_location']","['date_of_death', ' followed_by', ' Anne_Brooksbank', ' St._Louis_Cardinals', ' Wenlock']","['Segovia_Province', ' Homo_sapiens', ' Honduras', ' Hong_Kong', ' Hot_Springs']"
"['country', ' located_in_the_administrative_territorial_entity', ' United_States_of_America', ' country_of_citizenship', ' headquarters_location']","['Kyoto', ' Sweden', ' Lithuania', ' followed_by', ' contains_administrative_territorial_entity']","['Spain', ' Big_12_Conference', ' league', ' Homo_sapiens', ' Honduras']"
"['country', ' located_in_the_administrative_territorial_entity', ' United_States_of_America', ' country_of_citizenship', ' headquarters_location']","['employer', ' winner', ' Finland', ' Millwall_F.C.', ' Cambridge']","['2', ' Tunisia_national_football_team', ' Homicide:_Life_on_the_Street', ' Homo_sapiens', ' Honduras']"
